IE_XML_ID;ORIG_TITLE;
594;Genesis in Space and Time;
841;Birthright;
883;Knowing God;
1028;Applying the Bible;
1140;Freedom from the Tyranny of the Urgent;
1201;The Fourfold Gospel;
1238;Epic Battles of the Last Days;
1599;Doctrine and practice in the early church;
1626;The orthodox church;
1767;Wer mein Volk antastet;
2012;Intended for pleasure;
2137;"Don""t Let the Devil Steal your destiny";
2138;What to do for Healing;
2143;The Final Quest;
2260;Christ and Culture;
2719;The body book;
2724;"God""s justice";
2725;God comforts his people;
2728;Joshua and the Flow of Biblical History;
2882;Prayer: Key to Revival;
3097;Never say die;
3273;Pocket Dictionary of New Religious Movements;
3587;The scripture way of salvation;
4607;More than a Carpenter;
4698;Marriage, Divorce and Remarriage in the Bible;
4826;The Power of a Praying Woman;
5848;Handling the Young Child with Cerebral Palsy at Home;
6191;The God o Abraham,Isaac & Jacob;
6198;Church affairs;
6199;The Discipline of God;
6200;The discipline of the Holy Spirit;
6201;If anyone sins;
6202;Deliverance;
6203;Seeking Gods will;
6204;Confession with the mouth;
6205;Confession and Recompense;
6206;Baptism;
6207;Loving the Brothers;
6208;Our life;
6209;Separation from the world;
6210;Consecration;
6211;Governmental Forgivines;
6212;Leading Men to Crist;
6213;Withstading the devil;
6214;Forgiveness and restoration;
6215;Early Rising;
6216;Witnessing;
6217;The Priesthood;
6218;Meeting;
6219;The Body of Christ;
6220;Terminating the past;
6221;Reading the Bible;
6226;The Gospel of God;
6227;The Gospel of God;
6228;The Gospel of God;
6229;The assembly life;
6230;Self Knowledge and Gods Light;
6232;What are we?;
6233;The prayer ministry of the church;
6235;The normal Christian faith;
6239;The Normal Christian Church Life;
6242;The ortodoxy of the church;
6248;The Word of the Cross;
6250;The breaking of the outer man and the release of the spirit;
6251;The mistery of Christ;
6263;The Glorious Church;
6521;What Christians Should Know About...How to Pray effectively For Your Lost Loved Ones!;
6808;For better and for best;
7095;The blurry rules book;
7324;Games and Activities for Pre-School Children with Special Needs;
8189;Der Gott Jesu Christi;
8223;The hiding place;
8695;The cry of the soul;
8899;"L""orthodoxie";
9261;God builds his church;
10036;Prayer;
10896;The mark of a man;
11113;God rescues his people;
11114;"God""s wisdom and power";
11115;God gives the land;
11116;"God""s chosen king";
11245;War of Words;
11506;God of my father;
11584;Pocket Dictionary of Ethics;
11668;Загадковий подорожній;
11669;Jesus nachfolgen im Alltag;
11722;"God""s ultimate purpose";
11729;The Church and the Last Things;
11862;Promised Land;
12169;Handbook of Church Discipline;
12192;God sends his Son;
12273;Ordinary Families,Special Children;
12295;Joy of Dynamic Giving;
12297;Joy of Sharing Jesus;
12336;The desert a city;
12421;Captivating;
12431;"Instruments in the Redeemer""s hands";
13110;Christ Centered Preaching;
13249;Little Faith;
13486;Addictions - a Banquet in the Grave;
13527;Einleitung in das Alte Testament;
13969;Flowers for mrs. Harris;
14134;When people are big and God is small;
14204;Quest for love;
14763;Credo. Wer ist ein Christ?;
14929;The Heart of a Servant Leader;
15094;The Mystery of Providence;
15127;sensory Integration and the child;
15129;Le syndrome de Rett, une maladie genetique;
15130;Sensomotorische Forderdiagnostik: Ein Praxishandbuch zur Entwicklungsuberprufung und Entwicklungsfor;
15316;The language of sex;
15450;When God Walked the Earth;
15458;A Survey of Biblical Interpretation;
15738;"God""s Plan for the Local Church";
15739;Horseman of the King;
15749;Slave Ship Captain;
15753;God created the insects of the world;
15757;Spurgeons sermons volume 4;
15758;What if Jesus had never been born?;
15818;Daughter of Jerusalem;
15831;В гостях у неба;
15872;Чудова зірка;
16008;Developmental Dyspraxias and Related Motor Disorders: Neural Substrates and Assessment;
16009;Symptoms and Syndromes in Neuropsychiatry;
16055;Zagubiona dodnosc kobiety;
16299;New Testament use of the Old Testament;
16344;Flawed Families of the Bible;
16375;God after Darwin. A Theology of Evolution;
16377;Einfuhrung in das Neue Testament;
16624;I Can Do This Diet;
16627;Преклоняя колени мы торжествуем;
16632;The Desire of Ages;
16633;The Publishing Ministry;
16645;Medical Ministry;
16647;the Jesus Storybook Bible;
16650;This momentary marriage;
16654;The Tabernacle in the Wilderness;
16655;What’s Like To Be Married To Me?;
16677;Preparing formarriage;
16701;Reaching for the Invisible God;
16702;Castello Interior;
16717;"Donner une ame a l""Europe";
16719;De la vie a la Vie;
16721;Miguel Manara;
16722;Wstep ogolny do Pisma Swietego;
16723;Padre. Ci saranno ancora sacerdoti nel futuro della Chiesa?;
16724;Varcare la Soglia della Speranza;
16725;"Il cammino al vero e un""esperienza";
16726;"All""origine della pretesa cristiana";
16728;Se mai potrai capire;
16730;"C""e ancora qualcuno che danza";
16733;The Proper Distinction Between Law and Gospel;
16734;Steve Jobs;
16749;The Reformed Pastor;
16752;Perkins Activity and Resource Guide;
16753;Perkins Activity and Resource Guide;
16755;The House in Grosvenor Square;
16756;The Wounded Heart;
16757;How and when to tell you kids about Sex;
16758;Little blessings: are angels real?;
16759;Hidden sorrow, lasting joy;
16760;Sex and the soul of a woman;
16761;Thin places;
16762;Little blessings: what about heaven?;
16763;Jewish Culture and its contexts;
16764;Der Judenstaat. Die Autoemancipation!;
16765;Myths and facts. A guide to the arab-israeli conflict;
16766;Mille ans de cultures ashkenazes;
16767;Hebrew Language: study and teaching;
16774;The champion of children;
16776;Mabbul, nachash ushte tevot;
16778;Masada: the last fortress;
16779;Dreamer from the village;
16780;A Coat for the moon;
16781;Why Noah chose the dove;
16782;You Never Know;
16783;Stories for children;
16786;"Alexandra""s Scroll";
16787;Today is the Birthday of the world;
16788;Schemuel ha-Nagid;
16789;Het Achterhuis;
16790;Die Familie y Aguillar;
16796;The Talmud and the Internet;
16797;Azarel;
16798;Il sistema periodico;
16799;Lagermikulas;
16803;Dentro le mura;
16804;Warum bist du nicht vor dem Krieg gekommen?;
16805;Sorstalansag;
16806;Mirtala;
16807;The Penitent;
16808;David Golder;
16813;The street;
16814;A silver dish;
16815;Torquemada;
16818;Focus;
16819;San Remo Drive;
16821;The Harvest;
16829;Following the lamb;
16831;They called me mama;
16833;The world that perished;
16835;Witness to Christ;
16836;My morning manna;
16837;Won by one;
16838;"L""orthodoxie";
16839;Byzantine Theology;
16873;Выздороветь и остаться в живых;
16878;Tools of the Spirit;
16879;"Instruments in the Redeemer""s hands. Facilitator""s Guide";
16880;"Instruments in the Redeemer""s hands. Study Guide";
16881;"Crossroads. Facilitator""s guide";
16882;Crossroads. Study guide;
16887;Der Stern von Bethlehem in astronomischer Sicht;
16890;Your Family Can Be Saved!;
16894;Analyzing the psalms;
